Rank,Image,Part ID,Part Name,# Colors,# Pieces
1,,4073,"1×1 Plate, Round",48,38855
2,,3023,1×2 Plate,52,34615
3,,3024,1×1 Plate,47,27101
4,,98138,"1×1 Tile, Round",53,25545
5,,2780,Technic Pin with Friction Ridges Lengthwise and Center Slots,1,21347
6,,3069b,1×2 Tile,48,14231
7,,3710,1×4 Plate,36,13556
8,,54200,1×1 Slope 30° (Cheese),52,13098
9,,3004,1×2 Brick,40,12848
10,,3005,1×1 Brick,50,11845
11,,3020,2×4 Plate,39,11391
12,,3022,2×2 Plate,33,10952
13,,3070b,1×1 Tile,44,9823
14,,25269,Tile Round 1 x 1 Quarter,38,9236
15,,15573,1×2 Jumper,35,9177
16,,6558,"Technic Pin Long with Friction Ridges Lengthwise, 1 Center Slot",1,8889
17,,3021,2×3 Plate,31,8205
18,,3623,1×3 Plate,33,8146
19,,2412b,"1×2 Tile, Grille",23,8139
20,,3666,1×6 Plate,34,7497
21,,11477,2×1 Curved,40,7064
22,,3010,1×4 Brick,35,7023
23,,2431,1×4 Tile,43,6858
24,,85984,1×2 Slope 30° (Double Cheese),36,6738
25,,2420,"2×2 Plate, Corner",23,6695
26,,15068,2×2 Curved,38,6456
27,,4274,Technic Pin 1/2,2,6345
28,,3001,2×4 Brick,30,6332
29,,3003,2×2 Brick,37,6280
30,,85861,"1×1 Plate, Round w/ hole",19,6278
31,,3062b,Brick Round 1 x 1 Open Stud,35,6000
32,,87079,2×4 Tile,38,5594
33,,3795,2×6 Plate,31,5382
34,,3068b,2×2 Tile,37,5313
35,,43093,Technic Axle Pin with Friction Ridges Lengthwise,1,5005
36,,4032,"2×2 Plate, Round w/ Axle",26,4843
37,,87580,2×2 Jumper,36,4785
38,,24866,"Plant, Flower, Plate Round 1 x 1 with 5 Petals",18,4701
39,,6636,1×6 Tile,29,4514
40,,3040,2×1 Slope 45°,35,4347
41,,15712,"1×1 Clip, Top",19,4225
42,,3622,1×3 Brick,31,4115
43,,63864,1×3 Tile,32,3974
44,,87087,"1×1 Brick, Stud 1-side",29,3904
45,,99780,"1×2 Bracket, Inverted",18,3875
46,,4070,"1×1 Brick, Headlight",19,3828
47,,32062,Technic Axle 2 Notched,2,3813
48,,3460,1×8 Plate,30,3795
49,,99207,"2×2 Bracket, Inverted",17,3648
50,,32028,1×2 Plate w/ Door Rail,18,3470
51,,4589,1×1 Cone,34,3440
52,,22885,"1×2×1⅔ Brick, 4 Studs 1-side",12,3356
53,,3009,1×6 Brick,29,3330
54,,6091,1×2×1⅔ Curved,32,3132
55,,2877,Brick Special 1 x 2 with Grill,11,3115
56,,3941,"2×2 Brick, Round w/ Axle",34,3094
57,,2357,"2×2 Brick, Corner",22,3087
58,,11211,"1×2 Brick, 2 Studs 1-side",19,3064
59,,32123,Technic Bush 1/2 Smooth with Axle Hole Semi-Reduced,3,2989
60,,3034,2×8 Plate,31,2953
61,,4162,1×8 Tile,27,2917
62,,44728,2×2 Bracket,19,2870
63,,4085,Plate Special 1 x 1 with Clip Vertical [Thin Open O Clip],15,2781
64,,35480,Plate Special 1 x 2 Rounded with 2 Open Studs,17,2763
65,,99206,Plate Special 2 x 2 x 0.667 with Two Studs On Side and Two Raised,18,2749
66,,32054,Technic Pin Long with Friction Ridges Lengthwise and Stop Bush [Ridge Near Rim],7,2746
67,,41740,Plate Special 1 x 4 with 2 Studs with Groove [New Underside],27,2712
68,,3039,2×2 Slope 45°,30,2694
69,,30136,"1×2 Brick, Log (Palisade)",14,2651
70,,3660,"2×2 Slope 45°, Inverted",29,2634
71,,2654,"2×2 Round, Boat Stud",26,2606
72,,3700,"1×2 Technic Brick, 1 Hole",19,2558
73,,98283,"1×2 Brick, Masonry",9,2508
74,,3665,"2×1 Slope 45°, Inverted",31,2507
75,,20482,Tile Round 1 x 1 with Hollow Bar,17,2497
76,,18654,Technic Pin Connector Round 1L [Beam],16,2446
77,,4519,Technic Axle 3,2,2426
78,,92280,"1×2 Plate w/ Clip, Top",10,2414
79,,59443,Technic Axle Connector,12,2396
80,,92946,Slope 45┬░ 2 x 1 with 2/3 Cutout [New Version],23,2356
81,,60478,"1×2 Plate w/ Handle, End",19,2289
82,,63868,"1×2 Plate w/ Clip End, Horizontal",15,2264
83,,32952,Brick Special 1 x 1 x 1 2/3 with Studs on 1 Side,20,2249
84,,33909,Plate Special 2 x 2 with Only 2 studs,13,2217
85,,3713,Technic Bush,3,2200
86,,99781,Bracket 1 x 2 – 1 x 2,18,2180
87,,93273,"4×1 Curved, Double",33,2144
88,,99563,Money / Gold Bar [Ingot],13,2138
89,,48336,"1×2 Plate w/ Handle, Side",12,2134
90,,3245c,Brick 1 x 2 x 2 with Inside Stud Holder,17,2086
91,,3031,Plate 4 x 4,21,2026
92,,4477,1×10 Plate,19,1991
93,,61252,Plate Special 1 x 1 with Clip Horizontal [Thick U Clip],19,1988
94,,11214,Technic Axle Pin 3L with Friction Ridges Lengthwise and 1L Axle,2,1970
95,,50950,3×1 Curved,32,1885
96,,32064,"1×2 Technic Brick, 1 Axle Hole",15,1882
97,,24201,Slope Curved 2 x 1 Inverted,22,1868
98,,3673,Technic Pin without Friction Ridges Lengthwise,2,1828
99,,87994,Bar 3L,11,1773
100,,61409,Slope 18┬░ 2 x 1 x 2/3 with 4 Slots,17,1767
101,,27925,"Tile 2 x 2 Curved, Macaroni",30,1730
102,,26601,Wedge Plate 2 x 2 Cut Corner,21,1716
103,,6541,Technic Brick 1 x 1 with Hole,18,1716
104,,3002,2×3 Brick,18,1670
105,,62462,Technic Pin Connector Round [Slotted],21,1670
106,,30414,Brick Special 1 x 4 with 4 Studs on One Side,13,1667
107,,3032,Plate 4 x 6,23,1662
108,,24246,Tile 1 x 1 Half Circle,31,1649
109,,18674,Plate Special Round 2 x 2 with Center Stud (Jumper Plate),17,1626
110,,26603,2×3 Tile,23,1607
111,,48729,Bar 1L with Clip [Cut Edges and One Side Hole],7,1603
112,,2540,Plate Special 1 x 2 Side Handle [Free Ends],15,1574
113,,32523,Technic Beam 1 x 3 Thick,19,1568
114,,32316,Technic Beam 1 x 5 Thick,20,1567
115,,61678,Slope Curved 4 x 1 No Studs [Stud Holder with Symmetric Ridges],28,1562
116,,26047,Plate 1 x 1 Rounded with Handle,9,1545
117,,60483,Technic Beam 1 x 2 Thick with Pin Hole and Axle Hole,10,1533
118,,32000,Technic Brick 1 x 2 [2 Holes],9,1528
119,,32607,"Plant, Plate 1 x 1 Round with 3 Leaves",9,1522
120,,6536,Technic Axle and Pin Connector Perpendicular,13,1521
121,,32140,Technic Beam 2 x 4 L-Shape Thick,15,1521
122,,11476,Plate Special 1 x 2 with Clip Horizontal on Side,19,1511
123,,30374,Bar 4L (Lightsaber Blade / Wand),18,1492
124,,28192,Slope 45┬░ 2 x 1 with 2/3 Inverted Cutout and no stud,22,1489
125,,14769,"2×2 Tile, Round",27,1486
126,,15100,Technic Pin Connector Hub with 1 Pin with Friction Ridges Lengthwise,8,1463
127,,3832,2×10 Plate,16,1460
128,,4865,Panel 1 x 2 x 1 [Square Corners],24,1449
129,,4286,Slope 33┬░ 3 x 1,24,1428
130,,32524,Technic Beam 1 x 7 Thick,18,1393
131,,4740,2×2 Dish,26,1379
132,,18677,Plate Special 1 x 2 with Pin Hole,6,1378
133,,60470,Plate Special 1 x 2 with Clips Horizontal [Open O Clips],10,1371
134,,11090,Bar Holder with Clip,14,1361
135,,11458,Plate Special 1 x 2 with Pin Hole on Top,19,1347
136,,32526,Technic Beam 3 x 5 L-Shape Thick,18,1307
137,,60592,Window 1 x 2 x 2 Flat Front,17,1306
138,,2456,2×6 Brick,19,1301
139,,3008,1×8 Brick,17,1291
140,,87552,Panel 1 x 2 x 2 [Side Supports / Hollow Studs],13,1269
141,,42003,Technic Axle and Pin Connector Perpendicular 3L with 2 Pin Holes,11,1265
142,,49307,"Brick Curved 1 x 1 x 2/3 Double Curved Top, No Studs",18,1262
143,,18651,Technic Axle Pin 3L with Friction Ridges Lengthwise and 2L Axle,1,1251
144,,11212,Plate 3 x 3,11,1226
145,,3749,Technic Axle Pin without Friction Ridges Lengthwise,1,1217
147,,33291,"1×1 Plate, Flower (4 Petals)",15,1204
148,,34103,Plate Special 1 x 3 with 2 Studs with Groove and Inside Stud Holder (Jumper),20,1203
149,,41677,Technic Beam 1 x 2 Thin,7,1203
150,,2454,Brick 1 x 2 x 5 with Blocked Open Studs and Bottom Stud Holder with Asymmetric Ridges,19,1202
151,,60474,Plate Round 4 x 4 with Pin Hole,21,1201
152,,53451,"Animal Body Part, Barb / Claw / Tooth / Talon / Horn, Small",13,1196
153,,3705,Technic Axle 4,2,1190
154,,32013,Technic Axle and Pin Connector Angled #1,13,1189
155,,60479,1×12 Plate,12,1176
156,,60481,Slope 65┬░ 2 x 1 x 2,28,1174
158,,15535,Tile 2 x 2 Round with Hole,12,1155
159,,85080,Brick Round Corner 2 x 2 Macaroni with Stud Notch,27,1151
160,,26604,Brick Special 1 x 1 with Studs on 2 Adjacent Sides,8,1150
161,,36840,Bracket 1 x 1 – 1 x 1 Inverted,12,1150
162,,14719,"2×2 Tile, Corner",17,1112
163,,3937,Hinge Brick 1 x 2 Base,14,1111
164,,32828,Plate Round 1 x 1 with Hollow Stud and Horizontal Bar 1L,8,1095
166,,88323,"Technic Link Tread Wide with Two Pin Holes, Reinforced",4,1093
167,,27263,Tile Special 2 x 2 Corner with Cut Corner – Facet,19,1090
168,,3701,Technic Brick 1 x 4 [3 Holes],12,1072
169,,32803,Slope Curved 2 x 2 Inverted,12,1067
170,,32073,Technic Axle 5,2,1064
171,,3065,Brick 1 x 2 without Bottom Tube,13,1063
172,,40490,Technic Beam 1 x 9 Thick,13,1048
173,,60601,Glass for Window 1 x 2 x 2 Flat,11,1048
174,,22388,Slope 45┬░ 1 x 1 x 2/3 Quadruple Convex,17,1039
175,,3035,Plate 4 x 8,21,1032
176,,64644,Equipment Telescope,8,1032
177,,3958,Plate 6 x 6,30,1025
178,,63965,Bar 6L with Stop Ring,11,1023
179,,14704,Plate Special 1 x 2 5.9mm Centre Side Cup,2,1012
180,,2436,Bracket 1 x 2 – 1 x 4 [Rounded Corners],11,1004
181,,2450,Wedge Plate 3 x 3 Cut Corner,17,977
182,,43722,Wedge Plate 3 x 2 Right,22,976
183,,43723,Wedge Plate 3 x 2 Left,23,966
184,,29120,Slope Curved 2 x 1 with Stud Notch Left,24,966
185,,4599b,Tap 1 x 1 with Hole in Spout,9,962
186,,2445,2×12 Plate,20,958
187,,29119,Slope Curved 2 x 1 with Stud Notch Right,24,949
188,,49668,Plate Special 1 x 1 with Tooth,17,938
189,,22385,Tile Special 2 x 3 Pentagonal,29,931
190,,2432,Tile Special 1 x 2 with Handle,15,927
191,,87083,Technic Axle 4 with Stop,1,923
192,,32278,Technic Beam 1 x 15 Thick,17,919
193,,30413,Panel 1 x 4 x 1 with Rounded Corners [Thin Wall],20,912
194,,14716,Brick 1 x 1 x 3,14,907
195,,4081b,Plate Special 1 x 1 with Clip Light [Thick Ring],12,897
196,,32525,Technic Beam 1 x 11 Thick,17,896
197,,6134,Hinge Brick 2 x 2 Top Plate Thin,8,895
198,,24309,Slope Curved 3 x 2 No Studs,12,895
199,,30357,Plate Round Corner 3 x 3,28,884
200,,24316,Technic Axle 3 with Stop,1,881
201,,41769,Wedge Plate 4 x 2 Right,25,877
202,,10247,Plate Special 2 x 2 with 1 Pin Hole [Complete Underside Rib],7,872
203,,6628,Technic Pin with Friction Ridges Lengthwise and Towball,2,852
204,,15070,Plate Special 1 x 1 with Vertical Tooth,15,851
205,,41770,Wedge Plate 4 x 2 Left,26,848
206,,47457,Brick Curved 2 x 2 x 2/3 Two Studs and Curved Slope End,16,842
207,,6632,Technic Beam 1 x 3 Thin,10,840
208,,32184,Technic Axle and Pin Connector Perpendicular 3L with Centre Pin Hole,7,839
209,,15392,"Launcher Trigger, Weapon Gun Trigger",2,831
210,,6005,Brick Arch 1 x 3 x 2 Curved Top,22,822
211,,88072,Plate Special 1 x 2 with Arm Up [Horizontal Arm 6mm],10,817
212,,51739,Wedge Plate 2 x 4,20,814
213,,3659,Brick Arch 1 x 4,17,813
214,,4282,2×16 Plate,16,813
215,,11203,Tile Special 2 x 2 Inverted,15,809
216,,36841,Bracket 1 x 1 – 1 x 1,11,807
217,,30565,Plate Round Corner 4 x 4,26,774
218,,23443,"Bar, Thick with Hole and Bar Handle",8,765
219,,3037,Slope 45┬░ 2 x 4,19,761
220,,32556,Technic Pin Long without Friction Ridges,1,748
221,,6231,Panel 1 x 1 x 1 Corner,14,741
222,,37352,Brick Curved 1 x 2 x 1 No Studs,25,740
223,,3747b,Slope Inverted 33┬░ 3 x 2 [No Connections between Studs],15,737
224,,4460b,Slope 75┬░ 2 x 1 x 3 with Hollow Stud,18,736
225,,87620,Wedge 2 x 2 Facet,16,729
226,,3176,Plate Special 3 x 2 with Hole,19,722
227,,3298,Slope 33┬░ 3 x 2,17,712
228,,93274,Bracket 1 x 2 – 2 x 4,11,712
229,,14417,Plate Special 1 x 2 with 5.9mm Centre Side Towball,1,708
230,,32034,Technic Axle and Pin Connector Angled #2 – 180┬░,10,704
231,,22961,Technic Pin Connector Hub with 1 Axle,7,703
232,,88646,Plate Special 3 x 4 with 1 x 4 Center Studs [Plain],6,696
233,,44865,Brick Special 1 x 2 with Pin,7,694
234,,2453,Brick 1 x 1 x 5 with Blocked Open or Hollow Stud,16,690
236,,60596,Door Frame 1 x 4 x 6 Type 2,20,689
237,,18653,Brick Arch 1 x 3 x 2 Inverted [Inside Bow],20,689
238,,33183,"Plant, Carrot Top",4,683
240,,15379,Technic Link Tread with Beveled Edge,2,669
241,,60477,Slope 18┬░ 4 x 1,15,667
242,,32039,Technic Axle Connector with Axle Hole,7,666
243,,92947,Brick Round 2 x 2 [Grill],10,662
244,,3036,Plate 6 x 8,19,657
245,,2423,"Plant, Leaves 4 x 3",13,656
246,,27507,"Tile 4 x 4 Curved, Macaroni",23,656
247,,93606,Slope Curved 4 x 2 No Studs,20,651
248,,32002,Technic Pin 3/4,2,647
249,,87544,Panel 1 x 2 x 3 [Side Supports / Hollow Studs],14,646
250,,24307,Wedge Plate 2 x 2 Right,16,641
251,,4490,Brick Arch 1 x 3,10,636
252,,14418,Plate Special 1 x 2 5.9mm End Cup,1,627
253,,48092,Brick Round Corner 4 x 4 Macaroni Wide with 3 Studs,22,627
255,,3957,Antenna 1 x 4 with Rounded Top,10,623
256,,15470,Plate Round 1 x 1 Swirled Top,6,621
257,,23969,Panel 1 x 2 x 1 with Rounded Corners and 2 Sides,13,618
258,,3706,Technic Axle 6,2,610
259,,60484,Technic Beam 3 x 3 T-Shape Thick,7,609
260,,24299,Wedge Plate 2 x 2 Left,16,609
261,,4733,Brick Special 1 x 1 Studs on 4 Sides,8,603
262,,30503,Wedge Plate 4 x 4 Cut Corner,13,599
263,,30153,Rock 1 x 1 Jewel 24 Facet,10,599
264,,41239,Technic Beam 1 x 13 Thick,15,598
265,,44294,Technic Axle 7,2,592
266,,553,Brick Round 2 x 2 Dome Top – Blocked Open Stud without Bottom Axle Holder,24,578
268,,21459,Weapon Sword / Katana / Shamshir with Capped Pommel [Square Guard],10,576
269,,11215,Bracket 5 x 2 x 1 1/3,10,575
270,,32270,Technic Gear 12 Tooth Double Bevel,1,570
271,,4624,Wheel 8 x 6 with Slot,6,567
272,,2449,Slope Inverted 75┬░ 2 x 1 x 3,21,562
273,,87747,"Animal Body Part, Barb / Claw / Tooth / Talon / Horn, Medium",14,562
274,,11478,Technic Beam 1 x 5 Thin with Axle Holes on Ends,5,559
275,,55981,"Wheel 18 x 14 with Pin Hole, Fake Bolts and Shallow Spokes",9,558
276,,6179,Plates Special 4 x 4 with Studs on One Edge [Plain],15,558
277,,15571,Slope 45┬░ 2 x 1 Triple with Inside Stud Holder,17,556
278,,3894,Technic Brick 1 x 6 [5 Holes],7,555
279,,13547,Slope Curved 4 x 1 Inverted,19,555
280,,63869,Technic Axle and Pin Connector Perpendicular Triple,5,555
281,,20310,Brick Special 1 x 1 with Scroll with Open Stud,6,552
282,,3030,Plate 4 x 10,15,552
283,,35787,Tile 45┬░ Cut 2 x 2,17,546
284,,26287,Technic Driving Ring Connector Smooth [4 rounded side walls],6,546
285,,54383,Wedge Plate 6 x 3 Right,16,542
286,,60581,Panel 1 x 4 x 3 [Side Supports / Hollow Studs],14,540
287,,41682,Bracket 2 x 2 with 1 x 2 Vertical Studs,14,534
288,,2465,1×16 Brick,11,531
289,,44301,"Hinge Plate 1 x 2 Locking with 1 Finger On End, with Groove",6,531
290,,13965,Brick Arch 1 x 3 x 3 [Gothic],14,530
291,,18980,Plate Round Corner 2 x 6 Double,18,525
292,,15462,Technic Axle 5 with Stop,2,525
293,,6111,1×10 Brick,11,524
294,,54384,Wedge Plate 6 x 3 Left,16,524
295,,3678,Slope 65┬░ 2 x 2 x 2 with Bottom Tube,20,523
296,,32124,"Technic Plate 1 x 5 with Smooth Ends, 4 Studs and Centre Axle Hole",7,523
297,,3709,Technic Plate 2 x 4 [3 Holes],8,522
298,,32016,Technic Axle and Pin Connector Angled #3 – 157.5┬░,11,521
299,,6589,Technic Gear 12 Tooth Bevel,1,518
300,,30237,Brick Special 1 x 2 with Vertical Clip [Open O Clip],12,512
301,,3702,Technic Brick 1 x 8 [7 Holes],8,507
302,,4287,Slope Inverted 34┬░ 3 x 1 without Internal Stopper,15,506
303,,25214,Brick Round 1 x 1 diameter Tube with 90 Degree Elbow (2 x 2 x 1) and Axle Holes (Crossholes) at each end,9,502
304,,47905,Brick Special 1 x 1 with Studs on 2 Sides,10,502
305,,3033,Plate 6 x 10,21,498
306,,96874,Brick and Axle Separator v2.0,2,497
307,,87697,Tyre 21 x 12 with Offset Tread Small Wide and Center Band,1,490
308,,92950,Brick Arch 1 x 6 Raised Arch,14,489
309,,3029,Plate 4 x 12,16,488
310,,3680,"Turntable 2 x 2 Plate, Base",5,487
311,,3684c,Slope 75┬░ 2 x 2 x 3 [Hollow Studs],16,482
312,,32449,Technic Beam 1 x 4 Thin,6,481
313,,6112,1×12 Brick,13,476
315,,88292,Brick Arch 1 x 3 x 2,11,469
316,,3007,2×8 Brick,11,463
317,,37762,Equipment Candle Stick,9,460
318,,2417,"Plant, Leaves 6 x 5",13,458
319,,88930,"Slope Brick Curved 2 x 4 x 2/3 No Studs, with Bottom Tubes",19,456
320,,4510,Plate Special 1 x 8 with Door Rail,10,453
321,,18649,Plate Special 1 x 2 with Handles on Ends,5,453
322,,36752a,Equipment Wand [Individual],8,450
323,,22888,Plate Round Corner 4 x 8 Double,22,446
324,,3045,Slope 45┬░ 2 x 2 Double Convex,20,446
325,,32606,"Plant, Flower, Minifig Accessory with 7 Thick Petals and Pin",4,441
327,,52107,Brick Special 1 x 2 with Studs on 2 Sides,12,439
329,,4697b,Pneumatic T-Piece (T Bar) [New Style],5,436
330,,11253,Sports Roller Skate,7,433
331,,6232,Brick Special 2 x 2 with Pin and Axle Hole,7,433
332,,64647,Headwear Accessory Plume / Feather / Flame Triple Point,11,432
333,,15208,Plate Special 1 x 2 with Three Teeth [Tri-Tooth],7,429
334,,50340,"Hinge Plate 1 x 2 Locking with 2 Fingers on Side, 7 Teeth",6,426
335,,91988,2×14 Plate,12,426
336,,3703,Technic Brick 1 x 16 [15 Holes],9,425
337,,60593,Window 1 x 2 x 3 Flat Front,14,422
338,,58176,Light Cover with Internal Bar / Bionicle Barraki Eye,11,421
339,,43888,Support 1 x 1 x 6 Solid Pillar,13,416
340,,15403,"Launcher, Plate Special 1 x 2 with Mini Blaster",4,416
341,,59349,Panel 1 x 6 x 5,24,414
342,,48989,Technic Pin Connector Hub Perpendicular 3L with 4 Pins,1,411
343,,87082,Technic Pin Connector Hub with 2 Pins with Friction Ridges Lengthwise [Small Squared Pin Holes],4,409
344,,2476,Plate Special 2 x 2 with Pin on Bottom,4,407
345,,2817,Plate Special 2 x 2 with 2 Pin Holes,4,405
346,,4216,Brick Special 1 x 2 with Groove,11,402
347,,43898,Dish 3 x 3 Inverted [Radar],18,397
348,,6003,Plate Round Corner 6 x 6,18,393
349,,30236,Brick Special 1 x 2 with Handle,7,392
350,,2921,Brick Special 1 x 1 with Handle,10,392
351,,98100,Brick Round 2 x 2 Truncated Cone,9,389
352,,15706,Plate Special 4 Stud 45┬░ Angle Plate,8,381
353,,11833,Plate Round 4 x 4 with 2 x 2 Hole,12,380
354,,60594,Window 1 x 4 x 3 without Shutter Tabs,13,379
355,,3899,Equipment Cup / Mug [Plain],7,379
356,,32192,Technic Axle and Pin Connector Angled #4 – 135┬░,10,374
357,,2460,Tile Special 2 x 2 with Pin,6,370
358,,13548,Wedge Sloped 45┬░ 2 x 2 Corner,12,369
359,,6587,Technic Axle 3 with Stud,3,366
360,,41539,Plate 8 x 8,20,366
361,,3028,Plate 6 x 12,19,366
362,,3895,Technic Brick 1 x 12 [11 Holes],9,363
363,,59426,Technic Axle 5.5 with Stop [Rounded Short End],1,360
364,,6126b,Wave / Flame Rounded with Base Rim,5,360
365,,3839b,Plate Special 1 x 2 with Handles [Flat Ends / Low Attachment],7,360
366,,15303,"Projectile, Spring Shooter Ammunition 8L",10,359
367,,2419,Wedge Plate 3 x 6 Cut Corners,15,355
368,,43857,Technic Beam 1 x 2 Thick,9,354
369,,6180,Plate Special 4 x 6 with Studs on 3 Edges,11,352
370,,60849,Equipment Hose Nozzle / Gun with Side String Hole Simplified,4,352
371,,44567,"Hinge Plate 1 x 2 Locking with 1 Finger on Side, with Groove",8,347
372,,32291,Technic Axle and Pin Connector Perpendicular Double,7,345
373,,32009,Technic Beam 1 x 11.5 Double Bent Thick,13,345
374,,92582,Hinge Plate 2 x 2 Locking with 1 Finger on Top,6,345
375,,4871,Slope Inverted 45┬░ 4 x 2 Double,12,344
376,,35464,Slope Double 45┬░ 1 x 1,6,344
377,,15533,Brick Special 1 x 4 with Masonry Brick Profile,6,344
378,,15458,Technic Panel 3 x 11 x 1,12,343
379,,13731,Brick Curved 10 x 1 [Symmetric Inside Ridges],15,341
380,,15254,Brick Arch 1 x 6 x 2 – Thin Top without Reinforced Underside [New Version],19,335
381,,87081,Brick Round 4 x 4 [Centre Hole],13,335
382,,30137,Brick Special 1 x 4 Palisade [aka Log],6,334
383,,11609,Star with Stud Holder,4,334
384,,60602,Glass for Window 1 x 2 x 3 Flat Front,3,333
385,,30383,Hinge Plate 1 x 2 Locking with 1 Finger On Top,6,332
386,,41678,Technic Axle and Pin Connector Perpendicular Double Split,6,331
387,,11213,Plate Round 6 x 6 with Hole,16,331
389,,4185,Technic Wedge Belt Wheel [aka Pulley],14,326
390,,30363,Slope 18┬░ 4 x 2,11,325
391,,2736,Technic Axle Towball,1,323
392,,30350b,Tile Special 2 x 3 with 2 Clips [Thick Open O Clips],19,322
393,,42610,Wheel 11 x 8 with Center Groove,2,322
394,,93095,Panel 1 x 2 x 1 with Rounded Corners and Central Divider,9,322
395,,24855,"Plant, Flower Stem with Bottom Pin",3,322
397,,2653,Brick Special 1 x 4 with Groove,5,321
398,,17485,Brick Round 2 x 2 with Pin Holes,9,321
399,,10197,Technic Pin Connector Hub with 2 Perpendicular Axles,4,317
400,,6553,Technic Axle 1.5 with Perpendicular Axle Connector (Technic Pole Reverser Handle),5,313
401,,64179,Technic Beam Frame 5 x 7 Open Center Thick,4,308
402,,56145,"Wheel 30.4 x 20 without Pinholes, with Reinforced Rim",10,308
403,,14696,"Technic Link, Reinforced, with Beveled Edge",1,307
404,,3633,Fence 1 x 4 x 1,7,306
405,,18646,Plate Round Half 3 x 6 with 1 x 2 Cutout,17,301
406,,23950,Panel 1 x 3 x 1,10,301
407,,87609,Plate Special 2 x 6 x 2/3 [Four Studs on Side],14,301
408,,60476,Brick Special 1 x 1 with Clip Horizontal,3,300
409,,47455,Technic Rotation Joint Ball Loop with Two Perpendicular Pins with Friction,3,300
410,,22890,Plate Special 1 x 2 with End Towball,1,299
411,,32474,Technic Ball Joint,16,299
412,,61184,Technic Pin 1/2 with 2L Bar Extension,2,295
413,,3938,Hinge Brick 1 x 2 Top Plate Thin,7,295
414,,27940,Technic Pin Connector Hub with 2 Axles,2,292
415,,27261,Plate Special 2 x 3 with rocks,6,292
416,,11610,Food Ice Cream Cone,9,291
417,,99021,Pneumatic Hose Connector with Axle Connector,2,289
418,,55013,Technic Axle 8 with Stop,1,285
419,,94925,Technic Gear 16 Tooth Reinforced [New Style],1,285
420,,32530,Technic Pin Connector Plate 1 x 2 x 1 2/3 [Two Holes On Top],5,283
421,,14419,Plate Special 1 x 2 with 5.9mm End Cup and Towball,1,283
422,,47456,"Wedge Curved 2 x 3 x 2/3 Two Studs, Wing End",17,282
423,,89522,"Creature Body Part, Horn (Unicorn)",12,278
424,,3679,Turntable 2 x 2 Plate – Top,1,278
425,,32063,Technic Beam 1 x 6 Thin,4,277
426,,37775,Wave / Flame Small with Pin,2,276
427,,90194,Wedge Plate 3 x 4 with Stud Notches [Reinforced Underside],14,276
428,,32014,Technic Axle and Pin Connector Angled #6 – 90┬░,6,275
429,,64799,Plate Special 4 x 4 with 2 x 2 Cutout,10,275
430,,4600,Plate Special 2 x 2 with Wheel Holders,3,273
431,,92013,Technic Brick Special 2 x 2 with Ball Receptacle Wide and Axle Hole,8,273
432,,32056,Technic Beam 3 x 3 L-Shape Thin,7,273
433,,18575,Technic Gear 20 Tooth Double Bevel with Axle Hole Type 1 [+ Opening],2,273
434,,87414,Tyre 15 x 6 Offset Tread Small with Band around Center,1,270
435,,3942c,Cone 2 x 2 x 2 with Completely Open Stud,15,269
436,,22667,"Plant, Cherries",3,268
437,,50951,Tyre 14 x 6 Solid Smooth,1,265
438,,6106,Wedge Plate 6 x 6 Cut Corner,12,264
439,,59895,Tyre 14 x 4 Smooth Small Single [New Style],1,264
440,,2730,Technic Brick 1 x 10 [9 Holes],4,264
441,,57895,Glass for Window 1 x 4 x 6,8,262
442,,60485,Technic Axle 9,2,262
443,,15395,Brick Round 2 x 2 Dome Bottom [Open Stud],14,261
444,,2723,Technic Disk 3 x 3,5,261
445,,15461,Technic Pin Connector 3L with 2 Pins and Center Hole,2,260
446,,11208,"Wheel 14mm D. x 9.9mm with Centre Groove, Fake Bolts and 6 Spokes",6,260
447,,15332,Fence Spindled 1 x 4 x 2 [4 Top Studs],11,260
448,,33320,"Animal, Frog",8,259
449,,34816,Brick Special 1 x 2 with Vertical Closed Handle on Edge,8,258
450,,30028,Tyre 14 x 9 Smooth Small Wide Slick,1,257
451,,2496,Wheel Skateboard / Trolley,3,257
452,,50745,"Wheel Arch, Mudguard 4 x 2 1/2 x 2",15,256
453,,30099,Brick Arch 1 x 5 x 4 Inverted,14,255
454,,10928,Technic Gear 8 Tooth [Reinforced],1,255
455,,32015,Technic Axle and Pin Connector Angled #5 – 112.5┬░,11,253
456,,3707,Technic Axle 8,2,252
457,,30176,"Plant, Round 1 x 1 – 3 Bamboo Leaves",3,251
458,,2343,Equipment Goblet / Glass,6,249
459,,4488,Plate Special 2 x 2 with Wheel Holder,2,249
460,,3830,Hinge Brick 1 x 4 [Upper],10,248
461,,3831,Hinge Brick 1 x 4 [Lower],10,248
462,,30165,Brick Curved 2 x 2 with Two Top Studs,17,247
464,,39739,Tile 1 x 1 Heart,9,242
465,,6081,Brick Curved 2 x 4 x 1 1/3 with Curved Top,15,240
466,,61485,"Turntable 4 x 4 Square Base, Locking",4,240
467,,85943,Technic Brick 1 x 2 with Hole and Dual Beam Extensions,2,238
468,,90195,Window 1 x 2 x 2 Castle,8,238
469,,74967,"Wheel 8 x 9 with Hole Notched for Wheels Holder Pin, Re-inforced Back",4,238
470,,30162,Equipment Binoculars,5,237
471,,99008,Technic Axle 4 with Centre Stop,1,236
473,,32001,Technic Plate 2 x 6 [5 Holes],7,235
474,,3297,Slope 33┬░ 3 x 4,11,234
475,,11946,"Technic Panel Fairing #21 Very Small Smooth, Side B",19,234
477,,92402,Tyre 30.4 x 14 Offset Tread [Centre Band],1,233
478,,33078,Food Hot Dog / Sausage,6,233
479,,25893,Plate Round 1 x 1 with Open Stud and Bar on Underside,3,232
480,,30000,Brick Special 2 x 2 with 2 Pins and Axle Hole,5,232
481,,33243,Brick Curved 1 x 3 x 2,16,231
482,,11947,"Technic Panel Fairing #22 Very Small Smooth, Side A",19,231
484,,50304,Wedge Plate 8 x 3 Right,14,229
485,,14718,Panel 1 x 4 x 2 with Side Supports – Hollow Studs,10,227
486,,32348,Technic Beam 1 x 7 Bent (4 – 4) Thick,9,226
488,,98282,"Wheel Arch, Mudguard 4 x 2 1/2 x 1",12,223
490,,66792,Plate Round Corners 4 x 4 x 2/3 Circle with Reduced Knobs,14,221
492,,40344,Technic Brick 4 x 6 Open Center,3,220
493,,11209,Tyre 21 x 9.9,1,219
494,,16577,Brick Arch 1 x 8 x 2 Raised,13,218
495,,50305,Wedge Plate 8 x 3 Left,14,218
496,,75937,"Plate Special 2 x 2 with Bar Frame Octagonal, Reinforced, Completely Round Studs",6,218
497,,30031,Handlebars,7,217
498,,22886,Brick 1 x 2 x 3 with Bottom Stud Holder,7,217
499,,33299,Technic Beam 3 x 0.5 Liftarm with Boss and Pin Semi-Reduced,3,214
501,,46212,Brick 1 x 2 x 5 without Side Supports,10,213
502,,47458,"Wedge Curved 1 x 2 x 2/3 No Studs, Wing End",9,212
503,,22484,Bar 2L with Towball,4,212
505,,43719,Wedge Plate 4 x 4 with 2 x 2 Cutout,14,209
507,,37695,"Plant, Stem with 3 Leaves and Bottom Pin",3,205
508,,40345,Technic Brick 6 x 8 with Open Center 4 x 6,3,205
509,,6215,Brick Curved 2 x 3 with Curved Top,15,205
510,,45590,Technic Axle Connector Double Flexible [Rubber],1,204
511,,3038,Slope 45┬░ 2 x 3,5,204
512,,10202,Tile 6 x 6 with Bottom Tubes,8,202
513,,30044,Window 1 x 2 x 2 2/3 with Rounded Top,8,201
514,,3738,Technic Plate 2 x 8 [7 Holes],9,201
515,,30602,"Slope Curved 2 x 2 with Lip, No Studs",20,201
516,,92690,Bar 1L with Top Stud and Two Side Studs,5,200
517,,6182,Brick Arch 1 x 4 x 2,11,200
518,,42023,Brick Curved 6 x 1 Inverted,10,199
519,,30145,Brick 2 x 2 x 3,7,199
520,,6191,"Brick Curved 1 x 4 x 1 1/3 No Studs, Curved Top with Raised Inside Support",20,197
521,,18041,Weapon Harpoon [Smooth Shaft],3,197
522,,61482,Equipment Handcuffs,5,195
523,,22889,Slope Inverted 45┬░ 6 x 2 Double with 2 x 4 Cutout,13,195
524,,40379,"Animal Body Part / Plant, Tail / Claw / Horn / Branch / Tentacle, End Section",15,195
525,,30157,Plate Special 2 x 4 with Pins,4,194
526,,69729,Tile 2 x 6,11,192
527,,18853,"Plant, Flower with Pointed Petals and Pin",4,191
528,,92907,Technic Axle and Pin Connector Perpendicular Split,5,191
529,,64225,Wedge Curved 4 x 3 No Studs [Plain],16,191
530,,48171,"Technic Brick Special 2 x 2 with Pin Hole, Rotation Joint Ball Half [Vertical Side]",2,190
531,,98834,Spoiler 2 x 4 with Handle [Plain],12,189
532,,2639,"4×4 Plate, Corner",3,189
533,,42022,Brick Curved 6 x 1,15,189
534,,4345,Box 2 x 2 x 2 [Hollow Studs],4,188
535,,3708,Technic Axle 12,2,188
536,,13971,Wheel 18 x 8 with Fake Bolts and Deep Spokes with Inner Ring,3,187
537,,98585,"Large Figure Weapon, Barrel with 2 Pin Holes and 3 Axle Holes",9,187
539,,35044,Plate Special 4 x 4 with Curved Cutout,9,185
540,,14720,Technic Beam 3 x 5 Thick [90┬░ Offset Centre Beam Holes],3,184
541,,28326,"Wheel Arch, Mudguard 3 x 4 with 2 x 2 Plate",9,184
542,,67329,Brick Special 1 x 2 x 1 2/3 with Eight Studs on 3 Sides,5,183
543,,4346,Box 2 x 2 x 2 Door with Slot,6,183
544,,85975,Cone 1.17 x 1.17 x 2/3 (Fez),9,182
545,,99773,Technic Beam Triangle Thin [Type II],4,182
546,,6157,Plate Special 2 x 2 with Wheels Holder Wide,3,182
547,,30562,Panel 4 x 4 x 6 Quarter Cylinder,13,182
548,,2462,Wedge 3 x 3 Facet,4,181
549,,26599,Plate Special 2 x 4 Pin Holes on Bottom Dia. 4.85,2,181
550,,30526,Brick Special 1 x 2 with 2 Pins,3,179
551,,18976,Wheel 18 x 12 with Axle Hole and Stud,8,178
552,,13564,"Animal Body Part, Horn (Cattle) / Tentacle / Vine / Branch / Tongue – Long",6,178
553,,3006,2×10 Brick,9,177
554,,65578,"Bar, Angled with Stud on End",3,177
555,,93160,"Animal Body Part, Dog Bone [Short]",4,176
556,,38320,Bars For Window 1 x 2 x 2,3,175
557,,32059,Wedge Plate 4 x 6 Cut Corners,15,175
558,,6060,Brick Arch 1 x 6 x 3 1/3 Curved Top,14,174
559,,15391,"Launcher, Weapon Gun / Blaster / Shooter Mini",6,173
560,,15209,Plate 1 x 2 Special with Two Vertical Teeth,6,172
561,,18977,Tyre 24 x 12 Low Profile,1,171
563,,92410,Cupboard 2 x 3 x 2 with Solid Studs,10,170
564,,64648,"Animal, Fish [Anti-Stud Mouth]",6,169
565,,24375,Rubber Technic Tread Attachment,2,168
566,,11618,"Headwear Accessory Bow with Heart, Long Ribbon and Pin",5,166
567,,53585,Technic Ball Joint with Through Axle Hole,1,165
569,,4590,Plate Special 1 x 4 Offset,6,164
570,,19220,"Equipment Radio [Extended Handle, Expanded Speaker Grille]",3,163
571,,95344,Bucket 1 x 1 x 1 Handle,5,163
573,,57909,"Technic Brick Modified 2 x 2 with Ball and Axle Hole, with 6 Holes in Ball",3,162
574,,90258,Brick Special 2 x 2 with Grooves and Axle Hole,2,161
575,,10884,"Plant, Leaves 6 x 5 Swordleaf with Clip  (thick open O clip)",6,159
576,,48169,"Technic Brick Special 2 x 2 with Pin Hole, Rotation Joint Socket",4,159
577,,39789,Brick Special 2 x 4 with 3 Axle Holes,6,158
578,,2447,Headwear Accessory Visor For Standard Helmet,5,158
579,,4175,Plate Special 1 x 2 with Ladder,9,158
580,,3743,Technic Gear Rack 1 x 4,3,157
581,,73825,Bracket 1 x 1 – 1 x 2 Inverted,10,156
582,,30663,"Steering Wheel Small, 2 x 2 [Reinforced]",2,154
583,,3960,Dish 4 x 4 Inverted [Radar],14,154
584,,4006,Tool Screwdriver and Spanner / Wrench,3,152
585,,76766,Bracket 5 x 2 x 2 1/3,5,152
586,,28870,Ornament with Bar,8,152
587,,61780,Container Box 2 x 2 x 2 – Top Opening,4,151
589,,52501,Slope Inverted 45┬░ 6 x 1 Double with 1 x 4 Cutout,7,150
590,,44375,Dish 6 x 6 Inverted (Radar) with Hollow Studs,19,150
591,,55982,"Wheel 18 x 14 with Axle Hole, Fake Bolts and Shallow Spokes",7,148
592,,52031,Slope Curved 4 x 6 x 2/3 Triple Curved with 4 Studs,20,148
594,,85941,Cylinder Half 2 x 4 x 5 with 1 x 2 cutout,10,145
595,,3648,Technic Gear 24 Tooth [New Style with Single Axle Hole][Type 2],1,144
596,,87618,Bar 5L with Handle (Friction Ram),3,144
597,,50254,"Train Wheel Small, hole notched for wheels holder pin",1,144
598,,3737,Technic Axle 10,2,144
600,,24482,Weapon Spear Tip with Fins,5,143
601,,60032,"Window 1 x 2 x 2 Plane, Single Hole Top and Bottom for Glass",6,143
602,,32126,Technic Axle and Pin Connector Toggle Joint Smooth,4,143
603,,92099,Plate Special 4 x 6 with Trap Door Hinge [Long Pins],4,142
604,,3049,Slope 45┬░ 2 x 1 Double / Inverted with Bottom Tube,8,142
605,,98721,Weapon Batarang,4,141
606,,88293,Brick Round Corner 3 x 3 x 2 Dome Top,17,141
607,,92738,Weapon Gun / Blaster Small (Star Wars),2,140
608,,60603,Glass for Window 1 x 4 x 3 [Opening],3,140
609,,15397,Plate 3 x 3 Cross,5,140
610,,6254,Food Ice Cream Scoops,6,139
611,,90540,"Bar 3L, with Handle, Stop Ring and Side Stops (Minifig Ski Pole)",6,139
612,,4349,"Equipment Weapon, Loudhailer / Blaster / Space Gun",3,139
613,,2655,"Wheel Holder, Plate, Round 2 x 2 Thin with Clips",1,139
614,,39793,Technic Connector Beam 3 x 3,6,138
615,,3675,Slope 33┬░ 3 x 3 Double Convex,8,138
616,,3676,Slope Inverted 45┬░ 2 x 2 Double Convex,12,138
617,,43713,Wedge Curved Inverted 6 x 4,12,138
618,,64727,Weapon Spike Flexible 3.5L,8,136
619,,6259,Cylinder Half 2 x 4 x 4,7,136
620,,61254,Tyre Offset Tread with Center Band 23 x 7,1,135
621,,21445,"Plate Special 1 x 2 with Wheel Holder, Single Slit",2,135
622,,15092,Plate 2 x 2 with 2 Pins,1,135
623,,50861,Tyre 21 x 6 City Motorcycle,1,134
624,,62113,Bar 1 x 4 x 3 [End Tabs],5,134
625,,91501,Panel 2 x 2 x 1 Corner,3,134
626,,43710,Wedge Sloped 4 x 2 Triple Left,15,133
628,,92409,Tyre 17.5 x 6 with Shallow Staggered Treads,1,133
629,,50862,Wheel 15 x 6 City Motorcycle,8,132
630,,30586,Plate Special 2 x 8 with Door Rail,6,132
631,,18946,Technic Gear 16 Tooth with Clutch on Both Sides,1,131
632,,32555,Technic Brick 5 x 5 Right Angle (1 x 4 – 1 x 4),3,131
633,,38585,Brick Special Arch 2 x 2 Corner,2,130
634,,4218,Garage Roller Door Section without Handle,6,130
635,,16770,"Creature Body Part, Barb Large (Claw, Talon) with Clip",8,130
636,,23948,Technic Axle 11,2,130
637,,93555,Sports Ice Skate,2,130
638,,44568,Hinge Plate 1 x 4 Locking Dual 1 Finger,2,129
641,,43892,"Animal Body Part / Plant, Tail  / Trunk / Tentacle / Tongue / Vine / Tree Branch",7,128
642,,35459,Tile Special 1 x 3 Inverted with Center Hole,11,128
643,,98397,Handlebars with Angular Handles,4,128
644,,24119,Technic Panel Curved 7 x 3 with 2 Pin Holes through Panel Surface,10,127
645,,32072,Technic Knob Wheel,3,127
646,,65509,Plate Special 2 x 4 with Groove and Two Center Studs (Jumper),7,126
647,,60608,Window 1 x 2 x 3 Pane with Thick Corner Tabs,5,126
648,,4595,Brick Special 1 x 2 x 2/3 with Studs on Sides,4,124
649,,3685,Slope 75┬░ 2 x 2 x 3 Double Convex,8,124
650,,32932,Fence 1 x 4 x 2 Ornamental Asian Lattice with 4 Studs,4,124
652,,24116,Technic Panel Curved and Bent 6 x 3,10,123
653,,2853,Technic Engine Crankshaft,2,123
654,,45677,Slope Curved 4 x 4 x 2/3 Triple Curved with 2 Studs,17,123
655,,49731,Technic Pin without Friction Ridges Lengthwise and Foil Connector,1,123
656,,58247,Weapon Gun / Blaster Short (Star Wars),4,123
657,,27256,"Wave / Lightning Angular, Single",7,122
658,,56890,Tyre 24 x 12 R Balloon,1,122
660,,19119,"Plant, Flower Stem with Bar and 6 Stems",3,121
661,,60219,Slope Inverted 45┬░ 6 x 4 Double with 4 x 4 Cutout and 3 Holes,8,121
662,,2739,Technic Link 1 x 6 without Stoppers,2,121
663,,72454,Slope Inverted 45┬░ 4 x 4 Double,8,120
664,,60583,"Brick Special 1 x 1 x 3 with 2 Clips Vertical [Solid Stud, Thick U Clips]",6,120
665,,14413,Wedge 4 x 4 Facet,4,120
666,,18948,Technic Driving Ring Connector,1,120
667,,30089,Equipment Camera Handheld with Right-Aligned Viewfinder,3,119
668,,33085,"Plant, Banana",8,118
669,,30150,Box / Crate with Handholds,7,117
672,,60212,"Wheel Arch, Mudguard 2 x 4 Studded",8,117
673,,6187,Bar 1 x 4 x 2,8,116
674,,41669,Technic Tooth 1 x 3 with Axle Hole [Rounded Underside],12,116
675,,32802,Slope Inverted 45┬░ 4 x 1 Double with 1 x 2 Cutout,5,115
676,,93594,Wheel 11 x 6 with Smooth Hubcap,1,114
677,,3046,Slope 45┬░ 2 x 2 Double Concave,4,113
678,,98139,Weapon Sai,3,113
679,,30340,Equipment Flotation Ring [Life Preserver],8,113
680,,2599,Minifig Footwear Flipper [Thick],6,113
682,,3044,Slope 45┬░ 2 x 1 Double without Bottom Pin,4,112
683,,2569,Antenna Whip 8H,6,110
684,,43711,Wedge Sloped 4 x 2 Triple Right,14,110
685,,27928,"Plate Special 2 x 2 Wedge, Center Stud, 1 x 1/2 Raised Tab",2,110
686,,37776,Equipment Lantern,5,110
687,,18854,Headwear Accessory Glasses with Pin,2,109
689,,30505,Wedge 3 x 3 Cut Corner,3,108
690,,60208,Wheel 31 x 15 Technic,7,108
691,,87989,Equipment Medical Syringe with 2 Holes,3,108
692,,4735,Bar 1 x 3 [Clip / Anti-Stud],2,108
694,,2825,Technic Beam 1 x 4 Thin with Stud Connector,3,107
695,,24122,Large Figure Weapon Lightsaber Hilt with Axle Hole and Two Bar Holders,4,107
696,,4445,Slope 45┬░ 2 x 8,6,107
697,,30046,Window 1 x 2 x 2 2/3 Pane Lattice Diamond with Rounded Top,2,106
698,,58090,Tyre 30.4 x 14 VR Solid,1,106
699,,48170,"Technic Brick Special 2 x 2 with Pin Hole, Rotation Joint Ball Half [Horizontal Top]",3,106
700,,38014,Equipment Cup / Teacup,1,106
701,,2489,Barrel 2 x 2 x 2,6,106
702,,27448,Turntable 2 x 2 Female,2,106
703,,48208,Wedge Plate 6 x 4 Left,9,106
705,,50943,Engine / Air Scoop 2 x 2,5,105
706,,92692,Plate Special 1 x 2 with Angled Handles on Side,4,105
707,,48205,Wedge Plate 6 x 4 Right,9,105
708,,6233,Cone 3 x 3 x 2,11,105
709,,60623,Door 1 x 4 x 6 with 4 Panes and Stud Handle,13,105
710,,41854,Mudguard 2 x 4 with 2 x 2 Studs and Flared Wings,11,105
713,,60607,Window 1 x 2 x 3 Pane Latticed with Thick Corner Tabs,4,104
714,,2850,Technic Engine Cylinder with Side Slots,1,104
715,,32324,Technic Brick 4 x 4 Open Center,2,104
717,,4863,Window 1 x 4 x 2 Plane,7,103
718,,42446,Minifig Neckwear Bracket [One Stud],6,103
719,,47847,Rock Panel 2 x 4 x 6,8,103
720,,64570,Bracket 2 x 6 – 1 x 6 Inverted,7,103
721,,11291,Wedge Curved 3 x 4 x 2/3 Cutout,9,102
722,,53119,Plate Round 1 x 1 Swirled Top / Poo,2,102
723,,32557,Technic Pin Connector Perpendicular Long,2,102
724,,4528,Equipment Frying Pan,4,102
725,,2926,Plate Special 1 x 4 with Wheels Holder,2,102
726,,49311,Brick 1 x 4 x 3,8,102
727,,33172,"Plant, Carrot",4,102
728,,74261,"Large Figure Skeletal, Joint Extender [High Friction]",1,101
729,,32250,Technic Beam 3 x 5 L-Shape with Quarter Ellipse Thin,7,101
730,,89201,"Tyre 24 x 14 Shallow Tread (Tread Small Hub), Band Around Center of Tread",1,101
732,,4533,Cupboard 2 x 3 x 2 Door,4,100
733,,2852,Technic Engine Connecting Rod,1,100
736,,4536,Cupboard 2 x 3 Drawer,5,98
738,,57585,Technic Axle Connector Hub with 3 Axles at 120┬░,1,98
739,,6222,Brick Round 4 x 4 with 4 Side Pin Holes and Center Axle Hole,5,98
740,,62361,"Wheel Arch, Mudguard, 1 1/2 x 6 x 1 [Arch Extended]",14,98
741,,32249,Technic Beam 3 x 3 L-Shape with Quarter Ellipse Thin,5,97
743,,2851,Technic Engine Piston Round,1,97
744,,13349,Wedge Sloped Inverted 4 x 4 Triple [4 Connections between Front Studs],7,97
747,,24593,Cylinder Half 2 x 4 x 2 with 1 x 2 Cutout,9,96
748,,63082,"Plate Special 2 x 2 with Towball Socket, Short, Flattened with Holes and Axle Hole in Center",2,95
749,,61072,Plate Special 1 x 4 with Angled Tubes,3,95
750,,93604,Slope Curved 3 x 4 x 2/3 Triple Curved with 2 Sunk Studs,16,95
751,,87617,Cylinder 1 x 5 1/2 with Handle (Friction Cylinder),4,95
752,,42918,Slope Curved 8 x 2 No Studs,8,95
753,,47759,Wedge Sloped 45┬░ 2 x 4 Triple,8,94
754,,47755,"Wheel Arch, Wedge 4 x 3 Open with Cutout and Four Studs",12,94
755,,4739,Treasure Chest Lid [Thick Hinge],7,94
756,,93593,Wheel 11 x 6 with 8 Spokes,4,94
758,,54671,"Hinge Brick 1 x 2 Locking with 2 Fingers Vertical End, 9 Teeth",3,93
760,,66909,Weapon Hilt Symmetric,4,92
761,,32065,Technic Beam 1 x 7 Thin,6,92
762,,6190,"Bar 1 x 3 (Radio Handle, Phone Handset)",5,91
764,,41748,Wedge Curved 6 x 2 Left,14,90
765,,95188,Brick Round Corner 6 x 6 with 33┬░ Slope and Facet Cutout,11,90
766,,18974,"Wheel Arch, Mudguard 4 x 2 1/2 x 2 1/3",10,90
767,,41747,Wedge Curved 6 x 2 Right,14,90
768,,47753,Wedge Curved 4 x 4 No Top Studs,11,90
769,,65617,Brick Round Corner 3 x 3 x 1 with Bottom Cut Outs [No Studs] [1/4 Arch],9,89
770,,3837,Equipment Shovel [Round Stem End],4,89
772,,3956,Bracket 2 x 2 – 2 x 2,2,89
773,,64448,Support 1 x 6 x 5 Girder Rectangular,7,89
774,,6239,Tail Shuttle,15,88
775,,49283,Wire Clip with Axle Hole,8,88
776,,6249,Brick Special 2 x 4 with Pins,2,88
777,,4738a,Treasure Chest Bottom with Rear Slots,6,88
778,,87408,Technic Pin Connector Toggle Joint Smooth Double with Axle and Pin Holes,1,87
779,,55976,Tyre 56 x 26 Balloon,1,87
780,,87407,Technic Gear 20 Tooth Bevel with Pin Hole,1,87
781,,38583,Brick Special Arch 1 x 2 Jumper,3,87
782,,30385,Rock 1 x 1 Crystal 5 Point,9,86
783,,95228,Equipment Bottle,3,86
784,,15279,"Plant, Grass Stem with Bar Hole [3.2mm]",5,85
785,,95199,Weapon Gun / Pistol Two Barrel,3,85
786,,18759,Slope Inverted 45┬░ 3 x 1 Double with 2 Blocked Open Studs,5,85
787,,6183,Brick Arch 1 x 6 x 2 Curved Top,9,85
788,,2815,Technic Wedge Belt Wheel Tire,3,84
789,,3852b,Equipment Hairbrush Short Handle [10mm],3,84
790,,4176,Windscreen 2 x 6 x 2,4,84
791,,3464,Wheel Centre Small with Stub Axles (Pulley Wheel),2,83
792,,44126,Brick Curved 6 x 2,6,83
793,,18920,Equipment Scissors,1,83
794,,44674,Mudguard 2 x 4 with Molded Headlights,14,82
795,,30151b,Brick Round 2 x 2 x 1 2/3 Dome Top [Blocked Open Stud],3,82
796,,87080,"Technic Panel Fairing # 1 Small Smooth Short, Side A",13,82
797,,32017,Technic Beam 1 x 5 Thin,4,82
798,,56891,Tyre 37 x 18 R Balloon,1,82
799,,19121,Fence Ornamented 1 x 4 x 2 with 4 Studs,7,81
800,,3823,Windscreen 2 x 4 x 2,3,81
801,,6583,Plate Special 1 x 6 with Train Wagon End Fence,5,81
802,,3822,Door 1 x 3 x 1 Left,10,81
803,,88704,Equipment Whip – Bent,4,81
805,,44225,Technic Rotation Joint Disk with Pin and 3L Beam Thick,1,80
807,,55236,"Plant / Creature Body Part, Vine / Tail / Tentacle / Bionicle Spine, Spiky",3,80
808,,33492,Cone 1 1/2 x 1 1/2 x 2/3,3,80
809,,50949,"Grille with 1 x 2 Plate, Racers Car",4,80
810,,3821,Door 1 x 3 x 1 Right,10,79
811,,33051,"Plant, Apple",4,79
812,,85543,Rubber Belt Small [15mm ID] [Round Cross Section],1,79
813,,43712,Wedge Curved 6 x 4 Triple,12,79
815,,92585,Tool Crowbar,4,78
816,,12885,Equipment Paint Roller Brush Handle Edge On Handle,2,78
817,,15413,Tyre 49.53 x 20,1,78
818,,87421,Panel 3 x 3 x 6 Corner Wall without Bottom Indentations,8,78
819,,24599,Brick Round Corner 5 x 5 x 1 with Bottom Cut Outs [No Studs] [1/4 Arch],12,78
820,,44224,Technic Rotation Joint Disk with Pin Hole and 3L Beam Thick,1,78
822,,4522,Tool Hammer / Mallet Large,1,77
823,,21229,Fence Spindled 4 x 4 x 2 Quarter Round with 3 Studs,10,77
824,,30395,Hook with Towball,1,77
825,,3185,Fence 1 x 4 x 2,4,76
826,,23405,Panel 1 x 6 x 5 [Vertical Corrugated],11,76
827,,14181,Wedge Plate 4 x 9 with Stud Notches,7,76
828,,2415,"Wheel Holder 2 x 2 Thin with Clips, Plane Single",1,76
831,,87086,"Technic Panel Fairing # 2 Small Smooth Short, Side B",13,75
832,,32187,Technic Driving Ring Extension,3,75
833,,14682,"Exhaust Pipe with Technic Pin – Flat End, Rounded Hole",2,74
834,,24093,Book Cover [Plain],6,74
835,,66789,Plate Round Corners 6 x 6 x 2/3 Circle with Reduced Knobs,10,73
836,,41531,Technic Cylinder 4 x 4 with Pin Holes and Centre Bar,7,73
837,,88393,Brick Special 1 x 2 x 5 with Groove,4,73
838,,30093,"Plant, Sea Grass",4,73
839,,18975,Brick Special 2 x 4 x 1 1/3 with Holes and 2 x 2 Cutout,2,72
840,,93595,Wheel 11 x 6 with 8 ‘Y’ Spokes [Plain],1,72
841,,54661,Hinge Brick 1 x 4 Locking with 1 Finger Vertical End and 2 Fingers Vertical End,7,72
842,,57520,Technic Tread Sprocket Wheel Small,3,72
843,,98137,"Weapon Sword, Big Blade",6,72
844,,4083,Bar 1 x 4 x 2 with Studs,4,72
845,,32529,Technic Pin Connector Plate with One Hole (Single on Bottom),1,72
846,,24947,Brick Round 2 x 2 x 1 1/3 Inverted,6,71
847,,2486,Bar 1 x 8 x 2,4,71
848,,54672,"Hinge Brick 1 x 2 Locking with 2 Fingers Horizontal End, 9 Teeth",4,70
850,,15745,Rock – Heart Jewel with Shaft,2,70
851,,6565,Wedge 3 x 2 Left,7,70
852,,32198,Technic Gear 20 Tooth Bevel,2,70
853,,68568,Plate Round Corner 3 x 3 with 2 x 2 Round Cutout,8,70
854,,95343,Bucket 1 x 1 x 1,3,70
855,,24946,Food Egg with 1.5mm Hole [Plain],6,70
856,,6192,"Brick Curved 2 x 4 No Studs, Curved Top",8,70
857,,18910,Hinge Panel 3 x 4 x 3 Curved,3,70
858,,20309,Window 1 x 4 x 1 2/3 with Spoked Rounded Top,6,69
859,,92107,Plate Special 6 x 8 Trap Door Frame Horizontal [Long Pin Holders],7,69
861,,56904,Wheel 30 x 14,4,69
862,,2340,Tail 4 x 1 x 3,8,69
863,,22391,Wedge Sloped 4 x 4 Pointed,7,69
864,,18892,"Brick Special 2 x 4 with Wheels Holder, Single Slit with 2 x 2 Cutout",1,69
865,,14137,"Hinge Plate 1 x 8 with Angled Side Extensions, Squared Plate Underside",6,69
866,,3043,Slope 45┬░ 2 x 2 Double,4,68
867,,6564,Wedge 3 x 2 Right,7,68
868,,35789,"Wheel Arch, Mudguard 2 x 4 x 2",10,67
869,,24324,Book Binding with Two Studs,7,67
872,,55615,Technic Pin Connector Hub Perpendicular 3 x 3 Bent with 4 Pins (Pin Ridges Across Part),1,67
873,,90370,Musical Instrument Microphone [Plain],3,67
874,,87585,Equipment Oar / Paddle [Reinforced],3,66
876,,62360,Windscreen 3 x 6 x 1 Curved with Rectangular Stud Holder in Bottom,16,66
878,,60614,"Door 1 x 2 x 3 with Vertical Handle, New Mold for Tabless Frames",4,66
879,,10187,Weapon Bladed Claw Spread,4,65
880,,74698,Tile Round 2 x 2 – Thick Lifting Ring,1,65
881,,25386,Food Hot Dog Bun,2,65
882,,27257,Weapon Pike / Spear Tip,4,65
883,,35442,Plate Special 2 x 2 Splat Gear with 6 Teeth,4,65
884,,51270,"Plant, Pumpkin",3,65
887,,92842,Propeller 3 Blades 5 Diameter,1,65
888,,6154,Door Frame 1 x 4 x 4 (Lift),4,64
889,,44809,Technic Pin Connector Perpendicular 2 x 2 Bent,4,64
890,,29109,Weapon Sword / Machete,3,64
892,,15460,"Technic Steering Gear with 3 Ball Joints, Compact",1,64
894,,29111,"Insect, Spider with Elongated Tail Section",5,63
895,,48933,"Wedge Sloped 4 x 4 Triple, Stud Notches",11,63
897,,39613,Plate Angled 3 x 3 with Heart Shape,3,62
898,,28974,Minifig Neckwear Bracket [One Stud] – Reinforced,6,62
899,,6124,Equipment Magic Wand,2,62
900,,92220,"Large Figure Weapon Claw, with Clip",4,61
902,,60599,Door Frame 2 x 4 x 6,6,61
903,,28327,Door Frame 4 x 4 x 6 Corner,5,61
904,,35654,Grille Bar 1 x 4 x 1 2/3 BullBar,1,61
905,,6256,Equipment Dish / Plate / Bowl 3 x 3 [Plain],7,60
906,,4727,"Plant, Flower 2 x 2 Leaves – Angular",1,60
908,,60808,Panel 1 x 4 x 5 with Arched Window,9,60
909,,15540,Helicopter Landing Ski 1 x 6 with Pin Hole,4,59
910,,64951,Barrel Half Large with Axle Hole,6,59
912,,49577,"Animal / Plant, Coral / Sea Weed",3,58
913,,3300,Slope 33┬░ 2 x 2 Double,4,58
914,,6148,"Plant, Palm Leaf Small",3,58
915,,15064,"Insect Body Part, Leg / Tail / Tentacle / Claw",6,58
918,,39893,"Hinge Brick 1 x 2 Locking with 1 Finger Vertical End and 2 Fingers Vertical End, 9 Teeth",5,57
919,,40066,Panel 1 x 6 x 7 with 2 Columns and Arch,10,57
920,,41862,Plate Special 2 x 2 with Grills,1,57
924,,35470,Plate Special 3 x 5 Cloud with 3 Center Studs,2,56
925,,51266,Glass For Frame 1 x 3 x 3,1,56
926,,3900,Equipment Signal Paddle,2,56
927,,28588,"Animal, Snake Head with Open Mouth, Fangs and Curved Neck with Bar",4,55
928,,2714b,"Bar 8L – Two Stop Rings / One Pin, Technic Figure Ski Pole [Flat End]",3,55
930,,3943,Cone 4 x 4 x 2 with Axle Hole [Plain],7,55
931,,4489,"Wheel Wagon Large (33mm D.), hole notched for wheels holder pin",4,55
932,,64847,"Animal Body Part, Horn (Cattle)",3,55
933,,26597,Brick Special 1 x 2 with Vertical Closed Handle Inset from Edge,3,55
935,,50956,Wedge Curved 10 x 3 Right,12,55
936,,50955,Wedge Curved 10 x 3 Left,13,54
937,,24869,Wheel Roller Coaster,1,54
939,,11010,Minifig Ring 1 x 1,1,54
940,,93789,Weapon Pike / Spear Flat End,5,54
941,,11399,Plate Special 4 x 4 with Clips Horizontal (thick open O clips),5,54
942,,67810,Brick Curved 2 x 2 x 1 1/3 with Curved Top – Corner,6,53
943,,23949,Slope 45┬░ 2 x 6,6,53
944,,35443,Plate Special 4 x 4 Splat Gear with 10 Teeth,4,53
945,,15469,Plate Round 2 x 2 x 2/3 with + Axle Hole and 4 Leaf Extensions,5,53
946,,2854,Technic Engine Crankshaft Center,1,53
947,,37341c,"Weapon Sword Blade with Bar, Square Crossguard",5,52
948,,3836,Equipment Brush / Pushbroom,1,52
949,,2819,Technic Steering Wheel Small (3 Studs Diameter),3,52
950,,23986,Equipment Teapot,2,52
951,,44300,Hinge Tile 1 x 3 Locking with 1 Finger on Top,3,52
953,,13269,Wedge Sloped 45┬░ 6 x 4 Double / 33┬░ [Train Roof],9,52
956,,4161,Slope 33┬░ 3 x 3,2,52
957,,65426,Wedge Plate 2 x 4 27┬░ Right,6,52
958,,65429,Wedge Plate 2 x 4 27┬░ Left,6,52
960,,19159,Technic Pin Double Triangle 1 x 3 with 2 Clips Not Completely Round Pin Holes,1,51
961,,33121,"Animal, Crab",5,51
962,,13608,Weapon Gun Ray / Sci Fi – Rounded Heat Diffusers,3,51
963,,2530,Weapon Sword / Cutlass,3,51
964,,92589,Door Grill 1 x 4 x 6,2,51
965,,60621,Door 1 x 4 x 6 Barred with Stud Handle,2,51
966,,55978,Tyre 37 x 22 ZR,1,50
967,,34173,Equipment Cutlery – Spoon,1,50
968,,33322,Headwear Accessory Crown / Tiara,3,50
969,,99009,Technic Turntable Small Top,1,50
971,,67095,Tile Round 3 x 3,7,50
972,,30592,Brick Special 2 x 2 with Top Pin and 1 x 2 Side Plates,3,50
974,,4515,Slope 10┬░ 6 x 8,7,50
975,,35700,Container Box 2 x 2 x 1 [Plain],3,49
976,,86208,Weapon Gun / Torch (Space) [No Grooves],2,49
977,,6070,Windscreen 5 x 2 x 1 2/3,9,49
978,,64728,Equipment Dynamite Sticks,1,49
979,,90397,Sports Surfboard Standard,6,49
980,,46667,Jet Engine Fan with 10 Blades and Technic Pin,4,48
981,,87693,Headwear Accessory Plume / Feather Small with Pin,3,48
982,,57515,"Technic, Steering Arm 5.5 x 2 with Towball Socket Rounded, Chamfered",1,48
983,,24504,Minifig Neckwear Ninja Face Scarf,7,48
984,,57783,Windscreen 3 x 4 x 1 1/3 Large Glass Surface,2,48
985,,40243,Stairs Spiral Step,4,48
986,,30043,Plate Special 1 x 4 with Arm Down,2,48
987,,57878,Train Wheel RC Train,1,48
988,,18978a,Wheel Cover 5 Spoke – for Wheel 18976,3,48
989,,18978b,Wheel Cover 10 Spoke – for Wheel 18976,3,48
990,,90202,Technic Pin Connector Round with 4 Clips,2,48
991,,99010,Technic Turntable Small Base (28 Teeth),1,48
994,,30132,Weapon Gun / Pistol / Revolver Large Barrel [Old Style],2,48
995,,53454,"Weapon Axe Head, Clip-on (Viking) [Thick Clip]",4,48
996,,98549,Tile Special 2 x 2 with Bar and Stud with Stop Ring,2,48
997,,30134,Stairs 7 x 4 x 6 Straight Open,4,48
998,,32498,Technic Gear 36 Tooth Double Bevel,1,48
1000,,98369,"Equipment Cleaver, no Holes",4,47
